SP;TRAT;H;SLA;LT;LDMC;N;P
RM;C;1.8;55.5804605;0.33;0.534;9.37;0.5
RM;C;1.7;47.97979798;0.354;0.563;7.27;0.35
RM;C;1.85;44.575875;0.431;0.598;7.27;0.39
RM;C;1.9;50.16424518;0.373;0.663;8.67;0.41
RM;C;2.5;42.68720327;0.313;0.563;10.63;0.5
RM;C;1.6;53.93696659;0.314;0.543;7.97;0.33
RM;C;1.9;53.90994542;0.402;0.493;9.37;0.4
RM;C;1.8;38.50077922;0.373;0.601;6.71;0.38
RM;C;1.8;44.37828054;0.337;0.59;8.95;0.4
RM;C;2.1;44.69553666;0.355;0.668;8.53;0.39
RM;NP;2.5;48.90986378;0.357;0.504;7.83;0.39
RM;NP;1.7;49.41630654;0.526;0.538;6.71;0.34
RM;NP;2;47.52592593;0.354;0.505;7.55;0.4
RM;NP;3;49.15949343;0.301;0.572;7.55;0.31
RM;NP;1.9;59.58987127;0.336;0.512;7.97;0.39
RM;NP;2.6;54.80925553;0.306;0.527;9.23;0.43
RM;NP;1.8;47.81285739;0.371;0.528;7.83;0.37
RM;NP;2.1;46.599836;0.384;0.599;7.27;0.34
RM;NP;1.8;49.77637022;0.578;0.543;7.55;0.39
RM;NP;1.78;49.24517304;0.525;0.503;7.83;0.35
RM;P;1.6;45.13359807;0.263;0.559;7.69;0.39
RM;P;1.9;49.56109726;0.35;0.673;9.23;0.45
RM;P;2.5;40.16879659;0.376;0.596;6.99;0.38
RM;P;2.3;43.45330535;0.371;0.633;9.65;0.45
RM;P;2.6;40.45594828;0.414;0.657;8.53;0.41
RM;P;1.9;45.89776675;0.349;0.595;7.13;0.38
RM;P;1.6;38.2041573;0.383;0.627;6.43;0.34
RM;P;1.8;43.15633304;0.357;0.694;6.57;0.41
RM;P;2;45.22691583;0.41;0.572;8.53;0.39
RM;P;2.8;;0.357;;7.41;0.4
RM;N;1.15;58.27804465;0.667;0.478;7.55;0.37
RM;N;2.5;48.00367386;0.286;0.563;8.81;0.38
RM;N;2.5;44.01981377;0.309;0.574;7.83;0.31
RM;N;2.7;44.47729263;0.348;0.595;9.65;0.42
RM;N;1.6;50.51715402;0.395;0.558;8.39;0.41
RM;N;2;59.67634456;0.417;0.605;8.39;0.3
RM;N;2.6;50.55019347;0.464;0.638;9.51;0.37
RM;N;1.5;63.72358854;0.248;0.542;9.65;0.39
RM;N;1.9;43.17124435;0.315;0.589;7.69;0.3
RM;N;1.8;45.02947424;0.283;0.569;7.41;0.32
RM;Ca;1.2;47.29600114;0.427;0.511;8.39;0.4
RM;Ca;2.5;46.75610766;0.371;0.521;8.25;0.38
RM;Ca;2.5;50.33131443;0.333;0.522;8.67;0.44
RM;Ca;1.7;52.50040467;0.282;0.518;8.39;0.38
RM;Ca;1.2;49.19941621;0.378;0.52;5.87;0.29
RM;Ca;2.8;45.9096241;0.316;0.525;5.73;0.29
RM;Ca;1.7;49.45241621;0.359;0.55;6.57;0.3
RM;Ca;2.5;57.58855058;0.34;0.659;8.81;0.38
RM;Ca;2.7;55.9494595;0.287;0.523;7.13;0.31
RM;Ca;2.7;58.08553742;0.326;0.517;7.83;0.4
BS;C;2.3;62.76365546;0.192;0.676;13.01;0.55
BS;C;2.5;61.36547085;0.224;0.646;9.51;0.46
BS;C;3.4;76.37654321;0.219;0.6;12.73;0.53
BS;C;6.2;71.65225564;0.198;0.642;9.65;0.4
BS;C;3.5;66.36445993;0.248;0.568;11.89;0.47
BS;C;2.1;68.93907392;0.192;0.647;11.89;0.43
BS;C;2.7;72.93962264;0.2;0.647;10.07;0.44
BS;C;2.6;68.16341991;0.191;0.662;12.31;0.53
BS;C;3.5;76.04204993;0.177;0.636;10.91;0.44
BS;C;1.35;64.5367287;0.241;0.6;10.63;0.47
BS;NP;4.2;47.2709205;0.184;0.653;9.65;0.44
BS;NP;2.2;111.3205128;0.178;0.593;10.35;0.76
BS;NP;2.5;55.51371807;0.22;0.851;10.63;0.58
BS;NP;3.8;72.9952919;0.201;0.551;9.65;0.7
BS;NP;3.4;85.74664879;0.161;0.608;11.61;0.58
BS;NP;1.62;71.55749636;0.189;0.617;10.49;0.7
BS;NP;2.4;78.64855072;0.164;0.606;11.05;0.61
BS;NP;4.1;71.77292965;0.208;0.56;11.61;0.61
BS;NP;1.9;58.51182;0.2080067;0.5997974;;
BS;NP;2.2;59.01569507;0.191;0.633;11.05;0.6
BS;P;1.75;73.49873631;0.181;0.677;10.63;0.52
BS;P;3.7;61.02702703;0.205;0.621;9.51;0.57
BS;P;3.5;61.79620853;0.213;0.627;9.79;0.96
BS;P;2.8;60.53970588;0.189;0.686;9.37;0.58
BS;P;8.5;68.03296703;0.209;0.59;9.79;1.26
BS;P;2.5;81.35294118;0.175;0.65;10.77;0.73
BS;P;2.5;84.84667802;0.137;0.768;9.23;0.83
BS;P;2.2;46.62622036;0.286;0.63;9.51;0.58
BS;P;2.3;64.82065834;0.207;0.62;10.49;0.6
BS;P;3.7;66.22098569;0.229;0.604;12.03;0.54
BS;N;2.3;62.30135747;0.216;0.575;10.77;0.45
BS;N;3.5;59.7659766;0.242;0.563;11.89;0.48
BS;N;1.85;83.82649842;0.182;0.628;11.19;0.44
BS;N;3.5;65.67307692;0.21;0.609;11.19;0.47
BS;N;3;59.15406562;0.212;0.599;11.61;0.47
BS;N;1.77;50.03462604;0.187;0.593;11.19;0.49
BS;N;2.5;58.76604555;0.223;0.643;13.15;0.5
BS;N;4.1;56.14839798;0.245;0.616;10.49;0.45
BS;N;3;63.37708831;0.207;0.65;11.33;0.42
BS;N;2.8;69.3314951;0.202;0.592;10.91;0.41
BS;Ca;1.7;90.78103448;0.262;0.532;10.63;0.57
BS;Ca;2.5;83.58481422;0.205;0.598;11.89;0.49
BS;Ca;1.66;84.93408663;0.247;0.546;11.05;0.49
BS;Ca;2.7;73.5502439;0.298;0.538;11.61;0.46
BS;Ca;1.75;68.0544919;0.298;0.519;10.07;0.46
BS;Ca;1.8;79.2039312;0.306;0.485;10.63;0.51
BS;Ca;1.7;67.6391478;0.215;0.515;8.95;0.48
BS;Ca;2.6;70.26065574;0.213;0.532;10.63;0.49
BS;Ca;2.4;73.02178649;0.189;0.52;11.33;0.5
BS;Ca;2.3;58.49333333;0.203;0.53;9.93;0.46
QP;C;2.5;66.84140351;0.234;0.552;11.75;0.55
QP;C;3.6;73.36593707;0.149;0.666;12.87;0.56
QP;C;3.1;59.24798619;0.257;0.481;12.17;0.54
QP;C;2.6;53.86556291;0.26;0.589;9.93;0.41
QP;C;2.1;91.57260274;0.205;0.399;11.89;0.54
QP;C;1.3;93.97447352;0.241;0.402;9.79;0.43
QP;C;3;78.68581818;0.199;0.48;11.33;0.49
QP;C;1.77;86.45147059;0.185;0.482;13.71;0.57
QP;C;2;76.04414716;0.216;0.49;12.03;0.51
QP;C;1.57;84.95846444;0.212;0.505;8.81;0.46
QP;NP;1.85;95.23181818;0.19;0.485;12.03;0.67
QP;NP;2.2;100.1012862;0.183;0.424;11.61;0.56
QP;NP;2;109.243487;0.199;0.428;12.45;0.64
QP;NP;2.1;93.83079268;0.185;0.477;13.85;0.67
QP;NP;2.5;97.29361702;0.182;0.447;13.71;0.64
QP;NP;2.5;138.0460251;0.159;0.357;12.45;0.59
QP;NP;2.4;104.60401;0.221;0.352;11.89;0.63
QP;NP;1.7;74.75899673;0.188;0.508;12.31;0.53
QP;NP;2.2;63.05678793;0.241;0.495;8.67;0.42
QP;NP;2.22;89.77147488;0.226;0.427;11.75;0.57
QP;P;1.7;81.42730978;0.183;0.583;11.89;0.63
QP;P;2.4;71.75021026;0.219;0.507;11.89;0.56
QP;P;1.8;73.91964286;0.211;0.526;11.05;0.57
QP;P;2.5;91.24513173;0.188;0.494;10.63;0.61
QP;P;2.2;59.86836364;0.217;0.541;9.65;1.17
QP;P;3.7;75.94085282;0.205;0.542;12.31;0.62
QP;P;1.8;87.1024735;0.188;0.556;11.05;0.54
QP;P;2.1;65.39319728;0.179;0.759;10.77;0.57
QP;P;3.7;86.18708355;0.199;0.51;12.31;0.77
QP;P;1;67.8459893;0.237;0.542;8.25;0.43
QP;N;1.9;68.09904153;0.214;0.605;9.79;0.45
QP;N;1.9;72.03283582;0.241;0.512;10.63;0.5
QP;N;1.97;74.7806841;0.221;0.506;12.03;0.51
QP;N;1.75;88.05615385;0.19;0.494;10.77;0.51
QP;N;1.8;67.7306525;0.207;0.616;9.93;0.45
QP;N;2.7;69.42026709;0.218;0.585;10.21;0.46
QP;N;1.7;79.56368068;0.197;0.529;10.63;0.44
QP;N;1.75;77.51305131;0.23;0.452;11.89;0.51
QP;N;1.8;84.83961508;0.192;0.469;12.45;0.5
QP;N;2.7;78.56436782;0.199;0.544;11.33;0.52
QP;Ca;2.3;100.9420601;0.181;0.41;9.79;0.47
QP;Ca;1.6;69.38461538;0.203;0.492;9.65;0.49
QP;Ca;1.7;85.94835681;0.191;0.477;8.81;0.43
QP;Ca;1.7;76.05595409;0.247;0.472;8.81;0.43
QP;Ca;2.7;83.50791717;0.237;0.585;8.53;0.42
QP;Ca;2;71.11503532;0.186;0.542;8.25;0.38
QP;Ca;2.1;91.2373247;0.824;0.377;10.77;0.49
QP;Ca;1.7;65.94575622;0.275;0.496;8.39;0.44
QP;Ca;2.2;77.72748005;0.214;0.474;9.51;0.46
QP;Ca;1.75;87.54380883;0.188;0.466;10.63;0.42
CB;C;3;72.44176639;0.175;0.507;12.03;0.68
CB;C;3.5;89.9017038;0.234;0.539;10.21;0.53
CB;C;3.4;58.35294118;0.203;0.549;10.35;0.52
CB;C;4.9;74.25794645;0.182;0.522;8.11;0.46
CB;C;1.75;73.54287458;0.156;0.541;9.37;0.49
CB;C;2.5;57.39907346;0.199;0.525;13.01;0.65
CB;C;2.7;67.47496171;0.181;0.531;11.75;0.57
CB;C;3.2;71.19460203;0.178;0.529;10.63;0.52
CB;C;4.5;76.33923826;0.143;0.521;9.79;0.46
CB;C;4.2;62.63524461;0.159;0.564;11.61;0.54
CB;NP;4.1;69.04303909;0.188;0.477;12.03;0.63
CB;NP;4.3;68.15867347;0.176;0.497;11.61;0.68
CB;NP;2.5;69.23207547;0.179;0.528;12.17;0.63
CB;NP;3.4;70.89075811;0.174;0.507;11.19;0.66
CB;NP;4.6;72.65472524;0.175;0.498;11.47;0.6
CB;NP;4.9;66.60558092;0.168;0.511;9.65;0.57
CB;NP;4.2;73.33108935;0.169;0.516;10.77;0.73
CB;NP;4.5;63.88694818;0.186;0.549;13.85;0.65
CB;NP;4.4;72.07790627;0.183;0.507;12.73;0.65
CB;NP;2;35.89750076;0.144;0.461;14.41;0.76
CB;P;5.5;56.92295131;0.162;0.621;7.97;0.67
CB;P;3.7;64.09100204;0.182;0.546;10.35;0.64
CB;P;3.4;74.82232822;0.167;0.518;11.05;0.6
CB;P;4;66.968;0.191;0.593;9.23;0.5
CB;P;3.4;73.19182727;0.174;0.546;6.85;0.52
CB;P;2.8;57.7379342;0.206;0.555;10.77;0.62
CB;P;2.9;60.89846058;0.2;0.581;9.23;0.56
CB;P;3.2;68.3729758;0.179;0.563;10.21;0.68
CB;P;3.4;63.19718567;0.198;0.58;11.75;0.6
CB;P;5.1;55.94048793;0.215;0.536;11.47;0.62
CB;N;4.5;55.49476708;0.206;0.579;8.67;0.41
CB;N;2.1;79.3798178;0.159;0.573;11.33;0.55
CB;N;2.9;38.28649656;0.146;0.551;10.77;0.47
CB;N;4.4;87.13044371;0.142;0.534;12.59;0.53
CB;N;4.6;58.6159322;0.212;0.542;13.29;0.58
CB;N;5.7;70.44983152;0.178;0.528;6.43;0.52
CB;N;3.5;60.11359497;0.178;0.521;13.15;0.6
CB;N;4.6;60.65603914;0.175;0.585;13.15;0.59
CB;N;1.7;72.5273717;0.153;0.497;14.55;0.61
CB;N;3;44.10762003;0.21;0.501;10.63;0.53
CB;Ca;3.5;76.50495434;0.141;0.505;12.45;0.6
CB;Ca;2.7;67.6104373;0.184;0.481;11.33;0.57
CB;Ca;2.3;73.67661866;0.191;0.47;13.85;0.6
CB;Ca;3.3;72.26239715;0.178;0.48;12.17;0.64
CB;Ca;3.4;69.70436898;0.182;0.494;12.31;0.64
CB;Ca;2.1;90.45178571;0.153;0.457;14.83;0.68
CB;Ca;3.2;77.79775853;0.159;0.525;8.95;0.48
CB;Ca;3.6;61.9029467;0.198;0.527;10.07;0.55
CB;Ca;3.7;62.20757759;0.2;0.531;9.09;0.45
CB;Ca;3.7;79.50746514;0.167;0.481;10.77;0.55
SF;C;2.6;55.1555295;0.299;0.557;9.09;0.44
SF;C;2.5;50.70143416;0.347;0.523;12.45;0.66
SF;C;2.2;58.34861863;0.25;0.516;11.47;0.61
SF;C;2.4;60.95360825;0.244;0.555;11.33;0.51
SF;C;3.5;63.09010712;0.302;0.469;10.91;0.57
SF;C;2.6;55.60368957;0.298;0.534;8.11;0.41
SF;C;4.2;51.82884972;0.33;0.5;9.37;0.51
SF;C;1.3;67.81919482;0.257;0.492;12.03;0.58
SF;C;1.5;72.13314711;0.251;0.475;11.75;0.6
SF;C;1.3;63.44374813;0.257;0.526;11.33;0.55
SF;NP;3.4;65.35904437;0.226;0.537;11.33;0.71
SF;NP;1.7;72.70726916;0.218;0.504;11.33;0.65
SF;NP;2.15;64.98303078;0.247;0.519;9.23;0.67
SF;NP;2.1;60.21167014;0.302;0.496;10.49;0.93
SF;NP;2.5;66.3797768;0.27;0.531;11.19;0.56
SF;NP;4.4;53.64804178;0.328;0.506;12.87;0.61
SF;NP;1.8;74.17806268;0.305;0.449;11.47;0.91
SF;NP;1.85;63.73383318;0.289;0.505;10.35;0.66
SF;NP;4;56.99263158;0.32;0.526;10.35;0.64
SF;NP;2.9;61.18177228;0.287;0.483;11.89;0.7
SF;P;1.9;65.51421569;0.268;0.498;11.75;0.58
SF;P;2.6;51.89476015;0.326;0.488;11.05;0.85
SF;P;3.1;57.46230954;0.261;0.53;10.21;0.67
SF;P;1.95;53.33284707;0.327;0.485;11.19;0.7
SF;P;1.7;56.43680066;0.272;0.548;10.49;0.71
SF;P;1.8;64.15370484;0.265;0.506;10.35;0.57
SF;P;2.1;52.47668568;0.309;0.497;11.75;0.71
SF;P;2.8;66.62227507;0.256;0.467;9.37;0.65
SF;P;2.5;72.61430734;0.221;0.496;9.65;0.83
SF;P;1.6;53.58066378;0.331;0.496;11.33;0.64
SF;N;3.4;50.66449086;0.347;0.568;11.19;0.53
SF;N;1.7;65.5031348;0.3;0.547;11.33;0.61
SF;N;1.65;51.63572149;0.338;0.532;12.45;0.52
SF;N;3.2;50.34690004;0.377;0.557;10.07;0.47
SF;N;3.14;55.86513738;0.3;0.498;9.23;0.45
SF;N;3;58.75265306;0.297;0.516;8.81;0.58
SF;N;3.2;68.95994173;0.263;0.522;10.63;0.53
SF;N;2.5;57.06493506;0.29;0.508;9.65;0.48
SF;N;2.1;65.7322424;0.258;0.511;12.73;0.61
SF;N;2.4;53.85815951;0.315;0.529;11.33;0.48
SF;Ca;1.65;59.31470702;0.275;0.506;8.53;0.42
SF;Ca;2.2;67.01264801;0.216;0.529;9.79;0.49
SF;Ca;1.7;65.56666667;0.275;0.465;10.49;0.57
SF;Ca;3;63.56023166;0.281;0.479;10.77;0.54
SF;Ca;2.15;53.48425558;0.295;0.506;11.05;0.66
SF;Ca;2.4;63.69711833;0.2409286;0.605;8.95;0.46
SF;Ca;1.8;54.85441767;0.307;0.494;9.23;0.48
SF;Ca;3;49.70872675;0.399;0.466;10.63;0.48
SF;Ca;1.1;59.38450835;0.243;0.481;12.17;0.63
SF;Ca;1.9;60.67546621;0.296;0.477;11.61;0.51
DM;C;4.5;103.6479401;0.2;0.535;20.98;0.67
DM;C;4;68.64684015;0.226;0.734;18.74;0.67
DM;C;2.1;64.27753304;0.258;0.657;17.34;0.65
DM;C;5.8;90.18181818;0.218;0.507;19.44;0.68
DM;C;2.1;81.39877301;0.202;0.684;19.3;0.57
DM;C;4.2;82.15757576;0.242;0.553;19.44;0.65
DM;C;4.5;89.27407407;0.231;0.544;18.46;0.67
DM;C;3.5;72.89855072;0.23;0.669;18.6;0.66
DM;C;3.7;73.75;0.209;0.779;18.18;0.67
DM;C;3.5;94.83168317;0.286;0.651;20.7;0.64
DM;NP;1.76;89.77777778;0.196;0.565;18.88;0.66
DM;NP;3.2;79.76213592;0.224;0.515;16.64;0.68
DM;NP;2.5;93.02222222;0.154;0.737;19.44;0.71
DM;NP;2.6;95.92;0.239;0.469;17.76;0.64
DM;NP;3.7;79.27966102;0.211;0.572;16.36;0.63
DM;NP;4.4;98.90510949;0.185;0.582;14.55;0.7
DM;NP;4.5;78.6344086;0.21;0.622;18.46;0.71
DM;NP;3.2;82.41081081;0.215;0.856;18.74;0.7
DM;NP;4.2;86.17355372;0.222;0.396;18.04;0.64
DM;NP;3.1;77.9338843;0.209;0.617;19.44;0.67
DM;P;1.6;92.23863636;0.179;0.692;19.44;0.64
DM;P;1.95;89.91823899;0.203;0.604;21.82;0.71
DM;P;5.4;72.51627907;0.245;0.587;17.76;0.67
DM;P;3.2;63.09722222;0.213;0.864;17.34;0.68
DM;P;4.2;84.54958678;0.208;0.612;17.76;0.63
DM;P;2.6;64.8255814;0.205;0.934;22.24;0.77
DM;P;2.5;85.13675214;0.179;0.906;21.12;0.71
DM;P;3.1;82.37704918;0.187;0.859;18.04;0.75
DM;P;4.1;68.80147059;0.208;0.653;17.62;0.59
DM;P;3.2;85.68604651;0.175;0.895;21.4;0.73
DM;N;4.2;71.11016949;0.198;0.874;19.44;0.66
DM;N;4.3;124.8431373;0.184;0.34;18.74;0.62
DM;N;2.5;75.37727273;0.232;0.606;16.64;0.52
DM;N;3.2;101.6850394;0.178;0.59;20.84;0.65
DM;N;3.7;93.90104167;0.215;0.547;22.38;0.61
DM;N;5.1;83.54271357;0.222;0.578;20.7;0.68
DM;N;3.1;75.73529412;0.197;0.733;20.14;0.65
DM;N;3.4;73.64534884;0.213;0.707;20;0.72
DM;N;2.3;72.72477064;0.188;0.741;20.56;0.74
DM;N;3.3;74.3125;0.185;0.836;15.1;0.51
DM;Ca;3.8;85.88235294;0.225;0.534;18.74;0.6
DM;Ca;2.1;82.36538462;0.204;0.53;18.74;0.62
DM;Ca;3.5;89.53631285;0.228;0.469;19.16;0.74
DM;Ca;4;87.07627119;0.247;0.489;15.8;0.61
DM;Ca;4.2;73.28169014;0.288;0.52;16.92;0.64
DM;Ca;3.4;77.78640777;0.218;0.628;19.02;0.67
DM;Ca;3.3;92.44565217;0.206;0.582;17.76;0.52
DM;Ca;2.9;85.11888112;0.237;0.55;15.52;0.53
DM;Ca;3.4;73.26495726;0.195;0.661;16.78;0.61
DM;Ca;3.3;77.14583333;0.253;0.582;16.92;0.56
MA;C;1.8;56.05952381;0.231;0.549;10.91;0.34
MA;C;2;56.74456163;0.224;0.543;12.03;0.33
MA;C;1.2;72.50604595;0.192;0.496;14.69;0.57
MA;C;1.78;62.45218244;0.227;0.527;15.8;0.41
MA;C;2;55.9814433;0.225;0.558;12.59;0.33
MA;C;2.2;54.26124567;0.252;0.546;13.43;0.4
MA;C;1.7;45.56827009;0.253;0.556;9.37;0.31
MA;C;1.8;62.20165563;0.207;0.535;15.24;0.4
MA;C;2.2;54.56942753;0.253;0.528;10.07;0.36
MA;C;1.2;61.51788321;0.212;0.546;13.85;0.4
MA;NP;1.66;60.91537986;0.234;0.511;11.47;0.51
MA;NP;1.75;48.8899384;0.267;0.569;11.05;0.36
MA;NP;1.77;51.2310536;0.302;0.559;10.91;0.39
MA;NP;1.46;55.58879392;0.269;0.553;11.05;0.45
MA;NP;1.83;60.96324786;0.243;0.524;10.63;0.47
MA;NP;1.7;49.98375569;0.275;0.541;12.17;0.41
MA;NP;1.55;51.72478336;0.271;0.521;13.71;0.61
MA;NP;1.4;51.45451224;0.267;0.541;12.45;0.51
MA;NP;1.2;59.9168578;0.287;0.474;13.43;0.51
MA;NP;1.84;57.38246628;0.24;0.537;12.59;0.51
MA;P;1.4;51.63897191;0.263;0.568;12.45;0.55
MA;P;1.8;51.1891638;0.26;0.576;12.17;0.47
MA;P;1.7;61.37645037;0.236;0.553;11.61;0.48
MA;P;1.7;55.81659789;0.256;0.569;11.89;0.39
MA;P;2;55.95067906;0.227;0.573;11.89;0.64
MA;P;1.79;61.11747851;0.235;0.537;11.89;0.56
MA;P;1.8;50.37647059;0.259;0.556;11.19;0.37
MA;P;1.46;60.04386646;0.232;0.544;13.01;0.57
MA;P;1.7;56.81460934;0.262;0.543;11.47;0.5
MA;P;1.5;54.14391865;0.243;0.537;11.33;0.55
MA;N;1.7;46.28202204;0.297;0.562;11.05;0.28
MA;N;1.7;50.83984116;0.258;0.564;12.17;0.32
MA;N;1.7;58.04752066;0.23;0.541;13.85;0.46
MA;N;1.9;48.03517382;0.261;0.588;12.45;0.41
MA;N;1.65;56.43090062;0.23;0.564;11.05;0.37
MA;N;1.8;47.02340622;0.296;0.569;11.75;0.4
MA;N;1.65;59.3757349;0.217;0.538;13.99;0.39
MA;N;1.8;51.12539964;0.252;0.555;12.73;0.39
MA;N;1.2;53.15344828;0.268;0.566;11.89;0.36
MA;N;1.42;55.07479103;0.251;0.559;10.63;0.45
MA;Ca;1.5;51.31836148;0.264;0.502;10.21;0.43
MA;Ca;1.3;55.6672326;0.267;0.504;14.69;0.53
MA;Ca;1.07;63.80811078;0.21;0.533;12.45;0.44
MA;Ca;1.4;61.2874368;0.23;0.505;10.63;0.39
MA;Ca;1.41;46.95386961;0.305;0.509;10.91;0.46
MA;Ca;1.75;74.74902131;0.253;0.405;11.89;0.43
MA;Ca;1.7;;0.23;;13.01;0.38
MA;Ca;1.67;57.69591346;0.261;0.484;10.49;0.37
MA;Ca;1.65;57.03370787;0.215;0.486;9.93;0.49
MA;Ca;1.1;66.01657;0.234;0.505;10.49;0.32
RI;C;2.1;55.17437252;0.243;0.553;14.83;0.62
RI;C;1.81;55.61941252;0.247;0.537;13.99;0.61
RI;C;0.9;77.83621684;0.174;0.597;16.64;0.66
RI;C;1.5;76.42857143;0.194;0.593;13.85;0.65
RI;C;1.4;60.92675405;0.234;0.581;13.99;0.61
RI;C;1.8;66.0201005;0.175;0.649;17.34;0.75
RI;C;1.3;58.42485784;0.184;0.62;13.01;0.58
RI;C;1.4;84.4321608;0.14;0.649;15.66;0.68
RI;C;1.6;63.66495836;0.198;0.543;14.55;0.59
RI;C;1.36;81.10078387;0.139;0.655;14.13;0.62
RI;NP;1.8;79.47799511;0.178;0.577;14.13;0.59
RI;NP;1.3;66.3959205;0.204;0.559;14.27;0.7
RI;NP;1.54;66.01726519;0.194;0.569;15.66;0.74
RI;NP;1.56;58.5898191;0.218;0.498;14.83;0.73
RI;NP;1.5;68.3472631;0.203;0.541;14.69;0.68
RI;NP;1.2;64.38477612;0.227;0.489;12.73;0.63
RI;NP;1.4;66.03209459;0.244;0.527;14.13;0.66
RI;NP;1.78;73.60461957;0.184;0.525;12.45;0.59
RI;NP;1.8;61.41159279;0.249;0.553;12.73;0.65
RI;NP;1.5;56.59267949;0.236;0.535;15.38;0.69
RI;P;1.75;59.11399549;0.258;0.611;15.38;0.71
RI;P;1.44;65.73684211;0.233;0.63;11.75;0.71
RI;P;2.1;62.74591058;0.203;0.538;14.27;0.68
RI;P;1.75;50.60195853;0.257;0.584;14.55;0.65
RI;P;1.9;61.25162818;0.185;0.604;14.13;0.65
RI;P;1.7;51.12983425;0.236;0.745;14.69;0.66
RI;P;0.9;58.78298887;0.229;0.633;13.85;0.7
RI;P;1.4;65.26731079;0.218;0.617;15.52;0.68
RI;P;1.1;58.3317498;0.28;0.671;13.15;0.65
RI;P;1.65;57.2456979;0.215;0.744;14.41;0.68
RI;N;1.4;76.54683196;0.178;0.657;14.83;0.7
RI;N;1.4;63.53934192;0.188;0.625;13.15;0.66
RI;N;0.83;81.35905045;0.155;0.71;14.13;0.64
RI;N;1.4;81.29845626;0.168;0.497;14.69;0.69
RI;N;1.54;67.42111437;0.174;0.596;15.24;0.62
RI;N;1.1;64.63971631;0.208;0.569;12.17;0.53
RI;N;1.21;62.91468417;0.192;0.52;14.41;0.67
RI;N;1.3;78.57623948;0.161;0.633;15.52;0.69
RI;N;1.93;85.6718507;0.166;0.646;14.27;0.71
RI;N;1.2;64.3956422;0.244;0.704;15.38;0.63
RI;Ca;1.65;66.0073723;0.19;0.561;13.29;0.66
RI;Ca;1.8;54.82256236;0.259;0.59;12.31;0.66
RI;Ca;1.4;66.42976356;0.184;0.581;13.15;0.57
RI;Ca;1.7;70.43069307;0.214;0.574;13.15;0.62
RI;Ca;0.7;72.21601208;0.219;0.591;12.17;0.61
RI;Ca;1.7;65.8128453;0.205;0.517;11.33;0.55
RI;Ca;1.77;58.81429526;0.196;0.615;13.85;0.69
RI;Ca;2.4;66.87683284;0.209;0.548;10.91;0.57
RI;Ca;1.81;83.64963504;0.152;0.613;11.61;0.57
RI;Ca;1.7;69.14215686;0.171;0.64;12.31;0.59
OH;C;1.17;70.32685792;0.214;0.485;12.31;0.55
OH;C;1;72.13384924;0.178;0.55;10.77;0.56
OH;C;1.1;63.26611279;0.218;0.514;13.71;0.56
OH;C;1.1;54.91657867;0.256;0.569;11.33;0.43
OH;C;1.2;79.02869506;0.173;0.509;13.01;0.49
OH;C;1.4;78.79381044;0.171;0.539;12.03;0.46
OH;C;1.1;74.7005988;0.216;0.485;14.27;0.56
OH;C;1;66.26457399;0.228;0.52;13.99;0.56
OH;C;1.05;61.07782673;0.208;0.565;16.22;0.54
OH;C;0.9;64.95936553;0.235;0.522;13.85;0.62
OH;NP;1.24;46.75756976;0.188;0.545;13.01;0.61
OH;NP;1.24;70.96549618;0.185;0.521;10.21;0.57
OH;NP;1;67.76741294;0.19;0.56;15.52;0.6
OH;NP;1.53;73.07050285;0.216;0.505;12.73;0.61
OH;NP;0.9;69.68710191;0.218;0.532;13.01;0.54
OH;NP;1.23;67.1741476;0.216;0.509;11.47;0.52
OH;NP;1.75;88.50382003;0.197;0.45;13.43;0.84
OH;NP;0.74;74.32621671;0.204;0.538;11.33;0.56
OH;NP;0.8;89.60428177;0.214;0.47;13.15;0.74
OH;P;0.9;66.77416021;0.233;0.543;10.35;0.61
OH;P;0.8;69.00089397;0.184;0.573;12.45;0.6
OH;P;1.81;66.33901567;0.237;0.535;9.79;0.66
OH;P;1.7;60.02445492;0.215;0.531;11.47;0.68
OH;P;1.1;35.74413306;0.214;0.534;10.91;0.49
OH;P;1;71.34550562;0.22;0.531;12.17;0.66
OH;P;1.85;64.32867982;0.208;0.545;12.03;0.67
OH;P;0.7;69.92296007;0.224;0.532;9.51;0.51
OH;P;1.25;63.79381979;0.245;0.558;8.81;0.59
OH;P;1.8;58.36797121;0.209;0.562;9.93;0.68
OH;N;0.9;76.53243127;0.193;0.567;8.95;0.5
OH;N;0.8;69.97225225;0.215;0.578;12.73;0.53
OH;N;0.7;57.36264706;0.236;0.592;14.55;0.52
OH;N;1.34;68.47583082;0.216;0.548;8.53;0.49
OH;N;1.65;54.87490679;0.298;0.518;13.15;0.46
OH;N;1.7;60.9626683;0.234;0.541;12.03;0.55
OH;N;1.09;63.05519197;0.227;0.561;11.61;0.5
OH;N;1;74.70764218;0.203;0.53;12.87;0.59
OH;N;1.54;69.44028103;0.227;0.486;8.53;0.61
OH;N;1.67;61.10571878;0.258;0.558;11.61;0.61
OH;Ca;1.6;69.5655416;0.205;0.514;11.61;0.57
OH;Ca;1.1;76.15667525;0.193;0.505;9.79;0.5
OH;Ca;1;73.02109819;0.196;0.51;10.07;0.5
OH;Ca;0.6;70.04041451;0.219;0.482;12.17;0.51
OH;Ca;1.1;67.70591208;0.206;0.501;9.23;0.5
OH;Ca;1.8;69.5289039;0.223;0.51;10.77;0.5
OH;Ca;1.77;59.16852339;0.247;0.484;10.77;0.47
OH;Ca;1.81;67.72079208;0.191;0.546;11.05;0.48
OH;Ca;0.9;66.30298669;0.213;0.516;9.51;0.4
OH;Ca;1.9;70.14017629;0.207;0.501;11.19;0.46
KC;C;3.8;55.23332744;0.331;0.402;7.55;0.46
KC;C;1.95;47.64558002;0.342;0.481;7.13;0.41
KC;C;1.8;50.97476856;0.359;0.398;8.81;0.51
KC;C;3.4;55.79518459;0.313;0.399;9.93;0.57
KC;C;2.4;58.00417246;0.287;0.449;7.83;0.51
KC;C;2;55.05542169;0.324;0.396;9.23;0.47
KC;C;2.2;46.67932724;0.379;0.438;6.01;0.36
KC;C;1.78;56.08797327;0.333;0.411;7.69;0.43
KC;C;2.1;48.00103781;0.374;0.421;7.13;0.46
KC;C;1.5;51.80577867;0.339;0.434;6.01;0.4
KC;NP;2.1;55.85542658;0.303;0.382;8.81;0.87
KC;NP;4.1;59.98287416;0.301;0.378;7.27;0.72
KC;NP;1.1;;0.445;0.408;5.45;0.35
KC;NP;1.95;56.91670512;0.349;0.364;6.15;0.71
KC;NP;1.7;52.86073113;0.351;0.377;8.39;0.58
KC;NP;1.35;46.87785723;0.288;0.399;8.67;0.66
KC;NP;1.75;38.16420822;0.325;0.41;7.55;0.6
KC;NP;1.8;;0.282;0.417;8.95;0.62
KC;P;3.4;57.34378177;0.344;0.38;8.39;0.66
KC;P;2.4;60.82814654;0.298;0.396;7.55;0.73
KC;P;1.77;54.21440611;0.351;0.397;6.15;0.83
KC;P;2.6;51.53526541;0.359;0.382;7.69;0.73
KC;P;2.1;61.55465324;0.314;0.412;8.25;0.57
KC;P;1.78;60.57089594;0.296;0.413;6.43;0.61
KC;P;3.4;48.50116861;0.345;0.424;6.85;0.86
KC;P;2.8;56.14502745;0.309;0.411;9.51;0.75
KC;P;2.4;42.72864102;0.372;0.454;8.53;0.65
KC;N;1.85;54.65698133;0.335;0.41;7.55;0.51
KC;N;1.4;52.32903757;0.335;0.429;7.97;0.46
KC;N;2.1;48.56603378;0.334;0.522;6.01;0.36
KC;N;1.23;103.6480987;0.309;0.412;9.09;0.59
KC;N;1.8;54.44213264;0.348;0.404;9.09;0.51
KC;N;2.2;54.33615939;0.308;0.402;8.25;0.48
KC;N;1.3;47.06336179;0.38;0.407;6.15;0.37
KC;N;1.8;64.46944566;0.262;0.376;9.93;0.5
KC;N;1.86;45.40339618;0.359;0.448;8.25;0.47
KC;Ca;1.2;48.19716527;0.395;0.417;5.45;0.38
KC;Ca;3.7;49.53819672;0.376;0.41;5.87;0.37
KC;Ca;3.1;45.71416901;0.391;0.426;5.87;0.4
KC;Ca;2.6;46.4859026;0.374;0.442;7.13;0.44
KC;Ca;2;47.54912548;0.413;0.423;6.43;0.44
KC;Ca;0.9;42.91546872;0.469;0.42;5.73;0.38
KC;Ca;4.1;41.82537399;0.445;0.464;5.59;0.38
KC;Ca;1.8;52.01257573;0.411;0.369;5.73;0.4
KC;Ca;1.5;53.53601695;0.364;0.376;6.57;0.46
CS;N;0.9;61.09881757;0.231;0.5514;16.78;0.69
CS;N;0.7;36.50403226;0.2475;0.541;14.83;0.65
CS;N;0.7;60.28621032;0.267;0.5596;14.27;0.47
CS;N;1.6;54.61866235;NA;0.5118;13.57;0.67
CS;N;0.95;62.23272727;0.2985;0.5096;18.6;0.65
CS;N;1.1;55.9477557;0.3535;0.4971;14.41;0.78
CS;N;1.6;64.26338228;0.29125;0.5126;15.94;0.65
DE;C;0.9;65.22982456;0.27475;0.4995;14.41;0.64
DE;C;1.7;43.70401284;0.2235;0.4565;13.43;0.48
DE;C;1.52;42.76406036;0.2515;0.515;10.07;0.42
DE;C;1;102.7313653;0.2115;0.4341;10.91;0.47
DE;C;1.73;49.28895184;0.23325;0.5079;12.73;0.49
DE;C;0.9;65.40938303;0.28275;NA;12.45;0.47
DE;C;0.8;43.08501315;0.2315;0.4586;15.24;0.58
DE;C;0.7;41.83525836;0.24225;0.4892;12.87;0.51
DE;C;0.6;43.44224924;0.232;0.4629;13.43;0.4
DE;N;1;58.72604066;0.1775;0.3932;17.2;0.55
DE;N;1.1;93.48970457;0.2305;0.3606;16.08;0.88
DE;N;0.7;107.2237762;0.212;0.3268;20.28;1.2
DE;N;0.82;62.23013699;0.262;0.4983;13.01;0.51
DE;N;1.3;120.2002237;0.182;0.302;19.86;1.32
DE;Ca;1.35;70.4359447;0.2785;0.4437;12.73;0.52
DE;Ca;1;84.57678756;0.2765;0.3833;14.13;0.73
DE;Ca;0.7;85.03929867;0.21625;0.4464;8.95;0.27
DE;Ca;1.1;70.51257253;0.25525;0.4494;9.79;0.47
DE;Ca;1.3;59.19949875;0.303;0.4507;9.23;0.46
DE;Ca;1.2;70.19815668;0.27025;0.4495;10.49;0.5
DE;Ca;1.4;76.99071359;0.255;0.4177;11.61;0.47
DE;Ca;1.3;80.79266573;0.2125;0.4616;9.51;0.46
DE;Ca;1.7;65.49249374;0.306;0.4756;9.23;0.49
DE;Ca;1;75.73182101;0.257;0.4595;11.19;0.44
EG;C;2.6;63.64088398;0.21975;0.114;11.05;0.59
EG;C;2.2;72.33509235;0.17975;0.4098;10.49;0.65
EG;C;2.1;82.84785436;0.2105;0.3842;15.24;0.84
EG;C;2.8;63.42800702;0.82225;0.408;14.41;0.65
EG;C;3.5;60.73067076;0.283;0.424;11.75;0.6
EG;C;1.9;75.45711501;0.27725;0.3812;13.29;0.75
EG;C;1.8;71.35325698;0.21625;0.3981;12.87;0.6
EG;C;3.4;62.08235294;0.2605;0.4189;13.01;0.69
EG;N;1.3;90.06096849;0.19425;0.3627;13.99;0.66
EG;N;1.7;90.72913878;0.2085;0.3578;13.01;0.62
EG;N;3.3;84.00272913;0.20275;0.3538;11.75;0.64
EG;N;2.6;73.5358196;0.206;0.3777;14.69;0.71
MG;C;2.3;34.46924177;0.3425;0.4127;12.73;0.57
MG;C;2.7;30.74172185;0.33025;0.4183;13.71;0.6
MG;C;2.3;35.882662;0.2685;0.3799;13.57;0.61
MG;C;1.79;80.30762852;0.27675;0.3539;NA;0.82
MG;C;2.5;56.85873388;0.37325;0.3707;12.73;0.73
MG;C;1.3;108.0399171;0.36625;0.1977;47.41;1.11
MG;C;2;59.0320621;0.30775;0.392;12.87;0.66
MG;C;1.4;69.85595777;0.303;0.3667;NA;0.66
MG;C;1.65;60.50127065;0.32425;0.3837;7.55;0.68
MG;C;2.4;33.04267963;0.35325;0.3869;12.03;0.57
MG;N;1.6;63.425625;0.31;0.3834;13.85;0.75
MG;N;2.7;73.39194423;0.266;0.4057;14.41;0.9
MG;N;2;83.20571749;0.2225;0.3941;16.64;0.87
MG;N;3;87.39665472;0.22;0.3946;18.32;1.03
MG;N;4.5;89.66906475;0.20725;0.4097;NA;1.27
MG;N;4;78.64538515;0.306;0.3278;12.17;0.94
MG;N;3.6;95.22549648;0.287;0.3007;25.73;1.07
MG;N;1.8;79.16038492;0.278;0.3556;12.87;0.85
MG;N;1.79;62.72784215;0.271;0.3865;7.55;0.69
MG;N;1.2;52.7741441;0.31175;0.4949;13.85;0.65
MG;P;1.68;59.83471761;0.347;0.3882;12.87;0.77
MG;P;2.4;60.22652425;0.31975;0.3848;15.66;0.98
MG;P;1;67.42605086;0.28725;0.3942;11.33;1.03
MG;P;1.5;55.19073946;0.3395;0.4408;12.87;0.66
MG;P;1.4;65.42260619;0.3045;0.3961;11.89;0.92
MG;P;1.11;65.1719403;0.308;0.4119;11.75;0.79
MG;P;0.9;72.90416667;0.29425;0.3888;12.17;1.51
MG;P;2.4;55.87482117;0.363;0.4287;11.05;0.67
MG;P;1.1;56.00180505;0.30975;0.4529;13.85;0.74
MG;P;0.86;63.0280303;0.29525;0.4241;11.19;1.01
MG;Ca;1.9;55.14626736;0.3475;0.3955;12.73;0.61
MG;Ca;1.4;58.28921713;0.29975;0.3545;9.51;0.6
MG;Ca;2.3;63.1928544;0.32075;0.3932;12.03;0.63
MG;Ca;1.5;61.86652268;0.384;0.3527;12.31;0.68
MG;Ca;2.1;65.3174689;0.3;0.3849;12.17;0.66
MG;Ca;1.9;71.47928571;0.3555;0.3634;12.31;0.73
MG;Ca;2;66.80012225;0.30025;0.3882;10.77;0.59
MG;Ca;1.7;61.26590757;0.31275;0.4002;10.91;0.59
MG;Ca;3;61.6686747;0.2835;0.4265;11.05;0.59
MG;Ca;1.75;64.51565996;0.3055;0.3922;13.71;0.7
LP;N;1.71;58.98955526;0.231;0.5341;9.65;0.36
LP;N;1.8;53.18838992;0.2665;0.5475;11.61;0.52
LP;N;1.82;48.89607477;0.29225;0.5672;12.03;0.59
LP;N;1.7;53.78794643;0.23225;0.5043;11.75;0.59
LP;N;2.2;53.59728033;0.29075;0.4981;12.87;0.77
LP;N;1.8;54.98595506;0.2295;0.4998;10.63;0.66
LP;N;2.4;75.29033291;0.22125;0.4174;11.47;0.94
LP;Ca;1.5;61.81878307;0.27125;0.4536;8.25;0.52
LP;Ca;1.46;81.05838425;0.208;0.4505;9.09;0.58
LP;Ca;2.3;87.89746544;0.197;0.4006;9.79;0.72
LP;Ca;2.2;59.36713287;0.2615;0.4708;8.11;0.46
LP;Ca;2.3;61.77966102;0.2615;0.4981;8.67;0.65
LP;Ca;2.7;57.56171352;0.271;0.4866;7.97;0.54
LP;Ca;2.3;58.71078431;0.283;0.4402;8.11;0.55
LP;Ca;1.3;56.46481601;0.255;0.488;7.27;0.48
LP;Ca;1;70.86650246;0.21625;0.4892;7.83;0.53
LP;Ca;1.3;60.65716019;0.23275;0.4925;6.71;0.42
LP;NP;1.6;52.11805556;0.29175;0.5024;10.07;1.25
LP;NP;2.6;50.10612691;0.27275;0.4868;9.09;1.49
LP;NP;2;50.2534809;0.27875;0.5012;12.59;1.68
LP;NP;1.9;71.58746988;0.2055;0.4537;12.31;1.41
LP;NP;1.75;66.65756579;0.23725;0.4968;11.05;1.04
LP;NP;1.85;57.01901469;0.272;0.4465;11.33;1.26
LP;NP;1.75;63.04352442;0.252;0.4718;11.33;1.43
SM;C;7.5;32.01961207;0.49825;0.5421;11.33;0.43
SM;C;5.25;37.92216639;0.42375;0.4918;10.35;0.4
SM;C;5.7;34.31913994;0.496;0.4766;12.87;0.64
SM;C;5.1;25.10155652;0.594;0.5398;9.93;0.4
SM;C;2.7;35.15799306;0.444;0.5379;8.11;0.34
SM;C;5.5;50.82767871;0.36075;0.3746;11.05;0.81
SM;C;5.2;24.99390899;0.5495;0.5288;10.63;0.42
SM;C;3.6;28.89011683;0.43825;0.5088;12.45;0.55
SM;C;3.7;28.85749545;0.508;0.5297;11.61;0.48
SM;N;4.3;35.00420547;0.46325;0.4975;15.38;0.6
SM;N;2.2;33.37677466;0.46975;0.5029;15.94;0.62
SM;N;3.6;27.21119622;0.588;0.5089;10.63;0.48
SM;N;3.3;40.04207643;0.40925;0.4316;14.27;0.85
SM;N;3.2;25.94704115;0.53525;0.5328;9.51;0.38
SM;N;4;27.2451494;0.50625;0.525;13.29;0.52
SM;N;4.5;37.7081177;0.408;0.5102;7.69;0.41
SM;N;3;25.28883469;0.5465;0.5756;12.17;0.48
SM;N;3.7;30.01100663;0.4525;0.5328;11.75;0.51
SM;NP;2.5;35.56715141;0.41175;0.4794;11.61;0.7
SM;NP;2.9;44.45711798;0.376;0.4656;11.33;1.02
SM;NP;7;35.06317524;0.401;0.4791;11.75;0.7
SM;NP;4.2;33.57510359;NA;0.4868;10.07;0.69
SM;NP;4;35.53535354;0.44375;0.4805;12.87;0.68
SM;NP;7.4;27.51410478;0.50675;0.5294;12.87;0.56
SM;NP;2.6;51.72763761;0.35625;0.4078;16.92;1.03
SM;NP;5.2;29.97463076;0.54075;0.5059;12.59;0.54
TV;C;7.5;52.99736148;0.361;0.4928;13.43;0.57
TV;C;5.4;67.04836759;0.275;0.4316;20;0.81
TV;C;6.1;44.94942857;0.36325;0.5417;11.33;0.5
TV;C;4.1;53.36477844;0.327;0.4844;16.78;0.62
TV;C;6.5;53.03927273;0.3145;0.5143;12.17;0.55
TV;C;6;51.43345878;0.31525;0.5028;16.08;0.65
TV;C;3.9;44.19218107;0.37;NA;16.64;0.57
TV;C;5.8;42.19178636;0.36025;0.5293;11.05;0.48
TV;C;3.2;54.02625126;0.334;0.4851;16.36;0.67
LD;C;1.8;NA;0.199;0.47;18.04;0.53
LD;C;3.4;86.19444444;0.171;0.517;18.6;0.54
LD;C;2.1;82.06813996;0.198;0.536;20.42;0.75
LD;C;1.82;48.96248025;0.318;0.552;15.38;0.47
LD;C;1;NA;0.278;0.502;22.94;0.76
LD;C;1.77;53.49530686;0.293;0.57;17.62;0.51
LD;C;2;68.31808874;0.244;0.503;13.99;0.5
LD;C;1.78;89.05797101;0.163;0.525;18.74;0.51
LD;C;1.5;106.7074928;0.154;0.459;19.86;0.54
LD;NP;1.33;88.52251023;0.213;0.397;22.66;0.81
LD;NP;1.5;63.38728049;0.23;0.515;21.54;0.64
LD;NP;1.95;71.61935028;0.227;0.504;19.58;0.45
LD;NP;2.2;45.703;0.309;0.552;17.62;0.42
LD;NP;2.8;55.22350091;0.281;0.479;19.02;0.55
LD;NP;2.4;NA;0.27;NA;15.52;0.46
LD;NP;1.9;77.87334594;0.187;0.503;18.88;0.42
LD;P;1.85;95.76499303;0.174;0.506;21.82;0.76
LD;P;1.75;65.27442095;0.252;0.516;21.26;0.63
LD;P;1.4;75.89646134;0.203;0.529;12.03;0.53
LD;P;2.9;NA;0.176;NA;23.36;0.88
LD;P;1.61;70.18538713;0.17;0.483;16.78;0.54
LD;P;1.8;70.64432216;0.197;0.761;20.42;0.81
LD;P;1.28;116.4718482;0.263;0.494;26.01;0.7
LD;P;1.4;46.546706;0.285;0.465;15.1;0.44
LD;P;1.2;65.14334038;0.287;0.775;19.16;0.49
LD;N;1.6;90.69350551;0.226;0.469;16.92;0.52
LD;N;0.7;34.14281336;0.251;0.659;15.94;0.36
LD;N;1.2;77.62308534;0.259;0.579;18.46;0.55
LD;N;1.2;50.97535428;0.3;0.477;18.6;0.42
LD;N;0.7;65.548762;0.222;0.482;18.32;0.54
LD;N;1.7;39.97655105;0.217;0.584;23.64;0.51
LD;N;1.8;102.6928159;0.227;0.553;20.7;0.55
LD;N;1.2;89.01364829;0.256;0.475;17.62;0.47
LD;Ca;1.2;57.28335975;0.274;0.485;17.9;0.39
LD;Ca;3.6;48.82727273;0.283;0.552;16.22;0.34
LD;Ca;2.3;61.11750789;0.245;0.489;17.76;0.37
LD;Ca;2.3;52.51142285;0.26;0.521;18.32;0.47
LD;Ca;1.85;59.85924834;0.216;0.523;23.08;0.56
LD;Ca;2.5;54.38217652;0.262;0.512;19.44;0.51
LD;Ca;1.7;55.51486486;0.259;0.582;15.8;0.44
LD;Ca;2.3;NA;0.228;0.606;15.1;0.45
